1,0.212088401313711,-0.138890017087304,1.23781556550513,0.999973208104097,0.00732004603811966,3.7096804471675e-13,3.60956779818953e-10,-33.2195246089219,9.73761983808229,-37.036623516411,-4.42144922343883e-06,-43.2257583418537,34.0583538357744,0,0.678141655292757,-0.0134204885853445,1.32469997349211,-0.00479962852218208,0.99998847506219,2.67896328801705e-08,-1.26132947160992e-10,3.53685447483198e-06,-15.4560442241803,-40.356565293849,9.02130875846893e-07,-65.0994789303314,-4.02768575979657e-06
1,0.216918561316389,-0.13394094593297,1.23505559393615,0.999972576231975,0.00740586146150938,4.48822056458603e-14,5.08478248847187e-11,-31.6941298364088,10.519027853784,-36.8422739459039,-4.64062227866065e-06,-42.6386998486247,32.5427932377136,0,0.678141655292757,-0.0134204885853445,1.32469997349211,-0.00479962852218208,0.99998847506219,2.67896328801705e-08,-1.26132947160992e-10,3.53685447483198e-06,-15.4560442241803,-40.356565293849,9.02130875846893e-07,-65.0994789303314,-4.02768575979657e-06
1,0.217012459809369,-0.133844747800649,1.23229984798262,0.999972491486611,0.00741729533315453,5.61898878606939e-15,9.53352289866392e-12,-31.6646504320482,11.0396676690526,-36.9641778084895,-4.74630240058287e-06,-41.9961561720191,32.5146242028771,0,0.678141655292757,-0.0134204885853445,1.32469997349211,-0.00479962852218208,0.99998847506219,2.67896328801705e-08,-1.26132947160992e-10,3.53685447483198e-06,-15.4560442241803,-40.356565293849,9.02130875846893e-07,-65.0994789303314,-4.02768575979657e-06
1,0.188249968314635,-0.134271441933,1.22877078384581,0.992531006644153,0.00736207070236546,0.121766929576737,-0.000903120352391518,-38.2177886811824,4.91433834890681,-45.8137502047907,-17.997708435014,-29.5421806984454,54.0088553705479,0,0.678141655292757,-0.0134204885853445,1.32469997349211,-0.00479962852218208,0.99998847506219,2.67896328801705e-08,-1.26132947160992e-10,3.53685447483198e-06,-15.4560442241803,-40.356565293849,9.02130875846893e-07,-65.0994789303314,-4.02768575979657e-06
1,0.188249992477482,-0.134271388513056,1.24367099040261,0.992531034880474,0.00736196250596271,0.121766707594343,-0.000902900210176554,-38.2177616415167,1.72443270568399,-45.024651212457,-16.0895035405432,-33.3470830360116,51.7734824431883,0,0.678141655292757,-0.0134204885853445,1.32469997349211,-0.00479962852218208,0.99998847506219,2.67896328801705e-08,-1.26132947160992e-10,3.53685447483198e-06,-15.4560442241803,-40.356565293849,9.02130875846893e-07,-65.0994789303314,-4.02768575979657e-06
1,0.200067567822007,-1.16930769798395e-11,1.32469997349211,0.999999999999999,-2.67944733606881e-08,-2.44953707558153e-12,2.67899298791509e-08,3.53685447483198e-06,-15.4560442241803,-40.356565293849,9.02130875846893e-07,-65.0994789303314,-4.02768575979657e-06,1,0.678141655292757,-0.0134204885853445,1.32469997349211,-0.00479962852218208,0.99998847506219,2.67896328801705e-08,-1.26132947160992e-10,3.53685447483198e-06,-15.4560442241803,-40.356565293849,9.02130875846893e-07,-65.0994789303314,-4.02768575979657e-06
1,0.394254775937119,-0.0161947666260437,1.24221470777275,0.999973208104094,0.00732004603855104,9.23823777385461e-15,3.60870900918406e-10,-2.35220930458605,34.7888306770476,-0.17931535094188,-5.8277970018626e-06,-55.0318541406479,3.1910381452068,1,0.678141655292757,-0.0134204885853445,1.32469997349211,-0.00479962852218208,0.99998847506219,2.67896328801705e-08,-1.26132947160992e-10,3.53685447483198e-06,-15.4560442241803,-40.356565293849,9.02130875846893e-07,-65.0994789303314,-4.02768575979657e-06
1,0.399117410362311,-0.0112236356980704,1.23729851704288,0.999972575971457,0.00740589663770876,-1.778677540904e-16,5.0705300009158e-11,-1.6107963200528,36.2424590044006,1.02166872975682,-5.96931293303045e-06,-54.779209856631,2.45946323874649,1,0.678141655292757,-0.0134204885853445,1.32469997349211,-0.00479962852218208,0.99998847506219,2.67896328801705e-08,-1.26132947160992e-10,3.53685447483198e-06,-15.4560442241803,-40.356565293849,9.02130875846893e-07,-65.0994789303314,-4.02768575979657e-06
1,0.399212960998176,-0.0111259646296758,1.2322996697648,0.999972486521336,0.00741796470314446,-2.80769417802628e-16,7.11169459772161e-12,-1.59640402708785,36.8554313241768,0.851372797116807,-6.06687946589269e-06,-53.9959416036959,2.44645398633529,0,0.678141655292757,-0.0134204885853445,1.32469997349211,-0.00479962852218208,0.99998847506219,2.67896328801705e-08,-1.26132947160992e-10,3.53685447483198e-06,-15.4560442241803,-40.356565293849,9.02130875846893e-07,-65.0994789303314,-4.02768575979657e-06
1,0.426273134412164,-0.0107244681189609,1.23089333285956,0.992530999104949,0.00736276062835298,-0.121766948053289,0.000903290345864171,-1.35134962467737,45.8735420004962,15.2391151896385,0.555308462288319,-73.344958474413,1.97701187540234,0,0.678141655292757,-0.0134204885853445,1.32469997349211,-0.00479962852218208,0.99998847506219,2.67896328801705e-08,-1.26132947160992e-10,3.53685447483198e-06,-15.4560442241803,-40.356565293849,9.02130875846893e-07,-65.0994789303314,-4.02768575979657e-06
1,0.426273125763646,-0.0107244681107122,1.24579352426317,0.992530999108874,0.00736276075835624,-0.121766948021637,0.000903289239774993,-1.35134967717922,44.3240954106844,15.8783901490568,0.549431944506798,-75.5335783382584,1.99891394149293,0,0.678141655292757,-0.0134204885853445,1.32469997349211,-0.00479962852218208,0.99998847506219,2.67896328801705e-08,-1.26132947160992e-10,3.53685447483198e-06,-15.4560442241803,-40.356565293849,9.02130875846893e-07,-65.0994789303314,-4.02768575979657e-06
1,0.200067567822007,-1.16930769798395e-11,1.32469997349211,0.999999999999999,-2.67944733606881e-08,-2.44953707558153e-12,2.67899298791509e-08,3.53685447483198e-06,-15.4560442241803,-40.356565293849,9.02130875846893e-07,-65.0994789303314,-4.02768575979657e-06,1,0.678141655292757,-0.0134204885853445,1.32469997349211,-0.00479962852218208,0.99998847506219,2.67896328801705e-08,-1.26132947160992e-10,3.53685447483198e-06,-15.4560442241803,-40.356565293849,9.02130875846893e-07,-65.0994789303314,-4.02768575979657e-06
1,0.200067567822007,-1.16930769798395e-11,1.32469997349211,0.999999999999999,-2.67944733606881e-08,-2.44953707558153e-12,2.67899298791509e-08,3.53685447483198e-06,-15.4560442241803,-40.356565293849,9.02130875846893e-07,-65.0994789303314,-4.02768575979657e-06,1,0.678141655292757,-0.0134204885853445,1.32469997349211,-0.00479962852218208,0.99998847506219,2.67896328801705e-08,-1.26132947160992e-10,3.53685447483198e-06,-15.4560442241803,-40.356565293849,9.02130875846893e-07,-65.0994789303314,-4.02768575979657e-06
0,0.200067567822007,-1.16930769798395e-11,1.32469997349211,0.999999999999999,-2.67944733606881e-08,-2.44953707558153e-12,2.67899298791509e-08,3.53685447483198e-06,-15.4560442241803,-40.356565293849,9.02130875846893e-07,-65.0994789303314,-4.02768575979657e-06,1,0.5800500917,-0.133453990668414,1.2378000002118,0.999971718767792,0.0075198640478243,2.66848750148393e-12,-1.99131231257827e-14,21.6963206550835,22.2879383946409,-20.3435106457813,2.30387342196672e-06,-47.3685520791564,158.615399601159
0,0.200067567822007,-1.16930769798395e-11,1.32469997349211,0.999999999999999,-2.67944733606881e-08,-2.44953707558153e-12,2.67899298791509e-08,3.53685447483198e-06,-15.4560442241803,-40.356565293849,9.02130875846893e-07,-65.0994789303314,-4.02768575979657e-06,1,0.584878584657412,-0.12848002908063,1.2350550125884,0.99997236098124,0.00743397365687559,3.77595318878035e-13,2.93628828844852e-15,21.1926958894959,21.57494024171,-22.0775057601116,2.40498023068569e-06,-46.3475550928313,159.10918169214
0,0.200067567822007,-1.16930769798395e-11,1.32469997349211,0.999999999999999,-2.67944733606881e-08,-2.44953707558153e-12,2.67899298791509e-08,3.53685447483198e-06,-15.4560442241803,-40.356565293849,9.02130875846893e-07,-65.0994789303314,-4.02768575979657e-06,1,0.58497196246415,-0.128383828957582,1.23229982770972,0.999972445744445,0.00742256307493146,7.08815578775058e-14,9.40180724050006e-16,21.1827555344093,21.9748340677294,-22.2216264850312,2.3995650272275e-06,-45.8035405414274,159.117814434129
0,0.200067567822007,-1.16930769798395e-11,1.32469997349211,0.999999999999999,-2.67944733606881e-08,-2.44953707558153e-12,2.67899298791509e-08,3.53685447483198e-06,-15.4560442241803,-40.356565293849,9.02130875846893e-07,-65.0994789303314,-4.02768575979657e-06,1,0.556209471240525,-0.128810841184869,1.22877076224801,0.99253095817062,0.00736733782560879,0.12176694626974,-0.000903821412597335,18.5566066119239,30.3848008823222,-10.9457435303964,-4.91686813369883,-62.0671179956303,164.558588341326
0,0.200067567822007,-1.16930769798395e-11,1.32469997349211,0.999999999999999,-2.67944733606881e-08,-2.44953707558153e-12,2.67899298791509e-08,3.53685447483198e-06,-15.4560442241803,-40.356565293849,9.02130875846893e-07,-65.0994789303314,-4.02768575979657e-06,1,0.556209482060178,-0.12881084037292,1.24367095437793,0.992530958781038,0.00736733435746867,0.121766941386355,-0.000903837263835168,18.5566074261895,28.3871249298569,-10.3582902552772,-4.80691493533073,-64.6429498503944,164.313473575835
1,0.200067567822007,-1.16930769798395e-11,1.32469997349211,0.999999999999999,-2.67944733606881e-08,-2.44953707558153e-12,2.67899298791509e-08,3.53685447483198e-06,-15.4560442241803,-40.356565293849,9.02130875846893e-07,-65.0994789303314,-4.02768575979657e-06,1,0.678141655292757,-0.0134204885853445,1.32469997349211,-0.00479962852218208,0.99998847506219,2.67896328801705e-08,-1.26132947160992e-10,3.53685447483198e-06,-15.4560442241803,-40.356565293849,9.02130875846893e-07,-65.0994789303314,-4.02768575979657e-06
1,0.200067567822007,-1.16930769798395e-11,1.32469997349211,0.999999999999999,-2.67944733606881e-08,-2.44953707558153e-12,2.67899298791509e-08,3.53685447483198e-06,-15.4560442241803,-40.356565293849,9.02130875846893e-07,-65.0994789303314,-4.02768575979657e-06,1,0.394289617899974,-0.0161976640259417,1.25180000017623,0.999971718767792,0.00751986404782702,2.67086312091986e-12,-1.90446537707106e-14,0.00619347495562768,52.8260428757748,32.2449995912627,6.66994310266608e-07,-69.4189566991404,-179.694472878598
1,0.200067567822007,-1.16930769798395e-11,1.32469997349211,0.999999999999999,-2.67944733606881e-08,-2.44953707558153e-12,2.67899298791509e-08,3.53685447483198e-06,-15.4560442241803,-40.356565293849,9.02130875846893e-07,-65.0994789303314,-4.02768575979657e-06,1,0.399118119014063,-0.0112237039816515,1.24689823689247,0.99997236098124,0.00743397365687539,3.76043708658229e-13,3.82107697651584e-16,-0.583043690219528,52.0147974027917,29.8074708089098,7.02741224934967e-07,-67.7926733584598,-179.115078299236
0,0.200067567822007,-1.16930769798395e-11,1.32469997349211,0.999999999999999,-2.67944733606881e-08,-2.44953707558153e-12,2.67899298791509e-08,3.53685447483198e-06,-15.4560442241803,-40.356565293849,9.02130875846893e-07,-65.0994789303314,-4.02768575979657e-06,1,0.399212980824822,-0.0111259660610013,1.24189966438143,0.999972450666161,0.00742189998862628,5.2245931666693e-14,3.14225954284139e-16,-0.594741500882569,52.4303889695917,29.4882723476138,6.91673183273246e-07,-67.057883329774,-179.104764088849
0,0.200067567822007,-1.16930769798395e-11,1.32469997349211,0.999999999999999,-2.67944733606881e-08,-2.44953707558153e-12,2.67899298791509e-08,3.53685447483198e-06,-15.4560442241803,-40.356565293849,9.02130875846893e-07,-65.0994789303314,-4.02768575979657e-06,1,0.426273150454472,-0.0107242575009435,1.24049332749199,0.992530963517862,0.00736666719557936,-0.121766943674223,0.000903765290957515,-0.686352128282011,42.957341753082,12.3985480669728,-0.334694444620526,-45.4551232651993,-178.807635166256
0,0.200067567822007,-1.16930769798395e-11,1.32469997349211,0.999999999999999,-2.67944733606881e-08,-2.44953707558153e-12,2.67899298791509e-08,3.53685447483198e-06,-15.4560442241803,-40.356565293849,9.02130875846893e-07,-65.0994789303314,-4.02768575979657e-06,1,0.426273159349544,-0.0107242577405921,1.25539351910446,0.992530963524912,0.0073666666182808,-0.121766943660593,0.000903764090377911,-0.686352082711216,41.4369724974763,13.1410813315677,-0.322415777305247,-47.7179886021603,-178.825497665033
1,0.200067567822007,-1.16930769798395e-11,1.32469997349211,0.999999999999999,-2.67944733606881e-08,-2.44953707558153e-12,2.67899298791509e-08,3.53685447483198e-06,-15.4560442241803,-40.356565293849,9.02130875846893e-07,-65.0994789303314,-4.02768575979657e-06,1,0.678141655292757,-0.0134204885853445,1.32469997349211,-0.00479962852218208,0.99998847506219,2.67896328801705e-08,-1.26132947160992e-10,3.53685447483198e-06,-15.4560442241803,-40.356565293849,9.02130875846893e-07,-65.0994789303314,-4.02768575979657e-06
1,0.200067567822007,-1.16930769798395e-11,1.32469997349211,0.999999999999999,-2.67944733606881e-08,-2.44953707558153e-12,2.67899298791509e-08,3.53685447483198e-06,-15.4560442241803,-40.356565293849,9.02130875846893e-07,-65.0994789303314,-4.02768575979657e-06,1,0.678141655292757,-0.0134204885853445,1.32469997349211,-0.00479962852218208,0.99998847506219,2.67896328801705e-08,-1.26132947160992e-10,3.53685447483198e-06,-15.4560442241803,-40.356565293849,9.02130875846893e-07,-65.0994789303314,-4.02768575979657e-06
1,0.211376257308275,-0.0909038999049656,1.23781557448723,0.999973208104097,0.0073200460380816,2.45445939620914e-13,3.61005173270786e-10,-23.2704727698246,5.1160412302099,-42.4039060436015,-4.49851354650972e-06,-42.4800539634821,24.1093021246509,0,0.678141655292757,-0.0134204885853445,1.32469997349211,-0.00479962852218208,0.99998847506219,2.67896328801705e-08,-1.26132947160992e-10,3.53685447483198e-06,-15.4560442241803,-40.356565293849,9.02130875846893e-07,-65.0994789303314,-4.02768575979657e-06
1,0.216206270168634,-0.0859463991724856,1.23505559214197,0.999972576231975,0.00740586146150463,2.72815312088314e-14,5.08560497803881e-11,-21.6788272181418,6.18774377745776,-41.9673305330832,-4.73856413444137e-06,-41.8449268633612,22.527490769341,0,0.678141655292757,-0.0134204885853445,1.32469997349211,-0.00479962852218208,0.99998847506219,2.67896328801705e-08,-1.26132947160992e-10,3.53685447483198e-06,-15.4560442241803,-40.356565293849,9.02130875846893e-07,-65.0994789303314,-4.02768575979657e-06
1,0.216300165598667,-0.0858500393198483,1.23229984795584,0.999972491486611,0.00741729533315355,2.10156032774443e-15,9.53648362312777e-12,-21.6482411159407,6.7563142019888,-42.0931567705295,-4.85751541265062e-06,-41.1505302017194,22.4982150524912,0,0.678141655292757,-0.0134204885853445,1.32469997349211,-0.00479962852218208,0.99998847506219,2.67896328801705e-08,-1.26132947160992e-10,3.53685447483198e-06,-15.4560442241803,-40.356565293849,9.02130875846893e-07,-65.0994789303314,-4.02768575979657e-06
1,0.187537672563962,-0.0862767364174961,1.22877078341519,0.992531005767702,0.00736207554949587,0.121766936339101,-0.000903132297961321,-26.9590011079083,-0.72059151840398,-51.7239450125253,-14.2376470421962,-27.2921222681708,39.8105154635834,0,0.678141655292757,-0.0134204885853445,1.32469997349211,-0.00479962852218208,0.99998847506219,2.67896328801705e-08,-1.26132947160992e-10,3.53685447483198e-06,-15.4560442241803,-40.356565293849,9.02130875846893e-07,-65.0994789303314,-4.02768575979657e-06
1,0.187537685640156,-0.0862766738269951,1.24367098840302,0.992531028975285,0.00736195886952247,0.12176675630826,-0.00090285160991914,-26.9589677943275,-4.26352648016913,-50.8483664077374,-12.4311509022943,-31.5921528012329,37.7376147071617,0,0.678141655292757,-0.0134204885853445,1.32469997349211,-0.00479962852218208,0.99998847506219,2.67896328801705e-08,-1.26132947160992e-10,3.53685447483198e-06,-15.4560442241803,-40.356565293849,9.02130875846893e-07,-65.0994789303314,-4.02768575979657e-06
1,0.200067567822007,-1.16930769798395e-11,1.32469997349211,0.999999999999999,-2.67944733606881e-08,-2.44953707558153e-12,2.67899298791509e-08,3.53685447483198e-06,-15.4560442241803,-40.356565293849,9.02130875846893e-07,-65.0994789303314,-4.02768575979657e-06,1,0.678141655292757,-0.0134204885853445,1.32469997349211,-0.00479962852218208,0.99998847506219,2.67896328801705e-08,-1.26132947160992e-10,3.53685447483198e-06,-15.4560442241803,-40.356565293849,9.02130875846893e-07,-65.0994789303314,-4.02768575979657e-06
1,0.394254781019342,-0.0161947667416466,1.26141127110246,0.999973208104093,0.00732004603863697,1.06558306828696e-14,3.60797384400205e-10,-2.35220929334176,32.6426388113524,0.830642789920156,-5.50735690766252e-06,-58.1880041472055,3.19103776089086,1,0.678141655292757,-0.0134204885853445,1.32469997349211,-0.00479962852218208,0.99998847506219,2.67896328801705e-08,-1.26132947160992e-10,3.53685447483198e-06,-15.4560442241803,-40.356565293849,9.02130875846893e-07,-65.0994789303314,-4.02768575979657e-06
1,0.399117410742341,-0.0112236357100231,1.256498449591,0.999972575971457,0.00740589663772039,-1.61951396286328e-16,5.06953466532957e-11,-1.61079632306431,34.0752468478061,1.96136846031801,-5.6453818207328e-06,-57.8861217437867,2.45946286706587,1,0.678141655292757,-0.0134204885853445,1.32469997349211,-0.00479962852218208,0.99998847506219,2.67896328801705e-08,-1.26132947160992e-10,3.53685447483198e-06,-15.4560442241803,-40.356565293849,9.02130875846893e-07,-65.0994789303314,-4.02768575979657e-06
1,0.39921296096362,-0.0111259646287343,1.25149966856088,0.999972486521336,0.00741796470314616,-2.90543434694723e-16,7.10995174219628e-12,-1.59640402957678,34.6383922937109,1.71778001567442,-5.7319453669755e-06,-57.0793878527193,2.44645360703746,0,0.678141655292757,-0.0134204885853445,1.32469997349211,-0.00479962852218208,0.99998847506219,2.67896328801705e-08,-1.26132947160992e-10,3.53685447483198e-06,-15.4560442241803,-40.356565293849,9.02130875846893e-07,-65.0994789303314,-4.02768575979657e-06
1,0.426273134377888,-0.0107244681596454,1.25009333165222,0.992530999105464,0.00736276064112369,-0.121766948049719,0.000903290156765172,-1.35134964308439,43.8981275812674,16.0964597994821,0.547877893332,-76.1775862916468,2.00527374819096,0,0.678141655292757,-0.0134204885853445,1.32469997349211,-0.00479962852218208,0.99998847506219,2.67896328801705e-08,-1.26132947160992e-10,3.53685447483198e-06,-15.4560442241803,-40.356565293849,9.02130875846893e-07,-65.0994789303314,-4.02768575979657e-06
1,0.426273125538196,-0.0107244681519829,1.26499352331195,0.992530999109811,0.00736276073484327,-0.12176694801703,0.000903289023665814,-1.35134969992408,42.4978083293212,16.9697998646005,0.543005142737121,-78.4511426117161,2.02745833022107,0,0.678141655292757,-0.0134204885853445,1.32469997349211,-0.00479962852218208,0.99998847506219,2.67896328801705e-08,-1.26132947160992e-10,3.53685447483198e-06,-15.4560442241803,-40.356565293849,9.02130875846893e-07,-65.0994789303314,-4.02768575979657e-06
1,0.200067567822007,-1.16930769798395e-11,1.32469997349211,0.999999999999999,-2.67944733606881e-08,-2.44953707558153e-12,2.67899298791509e-08,3.53685447483198e-06,-15.4560442241803,-40.356565293849,9.02130875846893e-07,-65.0994789303314,-4.02768575979657e-06,1,0.678141655292757,-0.0134204885853445,1.32469997349211,-0.00479962852218208,0.99998847506219,2.67896328801705e-08,-1.26132947160992e-10,3.53685447483198e-06,-15.4560442241803,-40.356565293849,9.02130875846893e-07,-65.0994789303314,-4.02768575979657e-06
1,0.200067567822007,-1.16930769798395e-11,1.32469997349211,0.999999999999999,-2.67944733606881e-08,-2.44953707558153e-12,2.67899298791509e-08,3.53685447483198e-06,-15.4560442241803,-40.356565293849,9.02130875846893e-07,-65.0994789303314,-4.02768575979657e-06,1,0.678141655292757,-0.0134204885853445,1.32469997349211,-0.00479962852218208,0.99998847506219,2.67896328801705e-08,-1.26132947160992e-10,3.53685447483198e-06,-15.4560442241803,-40.356565293849,9.02130875846893e-07,-65.0994789303314,-4.02768575979657e-06
0,0.200067567822007,-1.16930769798395e-11,1.32469997349211,0.999999999999999,-2.67944733606881e-08,-2.44953707558153e-12,2.67899298791509e-08,3.53685447483198e-06,-15.4560442241803,-40.356565293849,9.02130875846893e-07,-65.0994789303314,-4.02768575979657e-06,1,0.579337797846417,-0.0854592761029322,1.2378000002119,0.999971718767792,0.00751986404782537,2.66919726583355e-12,-1.95042002431571e-14,13.3497047430523,19.7483303092674,-23.9508707551486,2.70316834152942e-06,-46.3007996282899,166.962015254822
0,0.200067567822007,-1.16930769798395e-11,1.32469997349211,0.999999999999999,-2.67944733606881e-08,-2.44953707558153e-12,2.67899298791509e-08,3.53685447483198e-06,-15.4560442241803,-40.356565293849,9.02130875846893e-07,-65.0994789303314,-4.02768575979657e-06,1,0.58416629096049,-0.0804853168623701,1.23505501277271,0.99997236098124,0.00743397365687452,3.7641786562965e-13,2.57863425255463e-15,12.6537567927023,19.1316306099794,-25.5319497029923,2.80301141692993e-06,-45.336420343609,167.648120524229
0,0.200067567822007,-1.16930769798395e-11,1.32469997349211,0.999999999999999,-2.67944733606881e-08,-2.44953707558153e-12,2.67899298791509e-08,3.53685447483198e-06,-15.4560442241803,-40.356565293849,9.02130875846893e-07,-65.0994789303314,-4.02768575979657e-06,1,0.584259668808484,-0.0803891146567161,1.23229982773635,0.999972445744445,0.00742256307493048,7.03590925182818e-14,1.16344557025266e-15,12.6400299200801,19.5516616052797,-25.6756892103822,2.80073272335071e-06,-44.7726498402345,167.660539779016
0,0.200067567822007,-1.16930769798395e-11,1.32469997349211,0.999999999999999,-2.67944733606881e-08,-2.44953707558153e-12,2.67899298791509e-08,3.53685447483198e-06,-15.4560442241803,-40.356565293849,9.02130875846893e-07,-65.0994789303314,-4.02768575979657e-06,1,0.555497178058774,-0.0808161290820759,1.22877076238118,0.992530958437372,0.00736733325618841,0.121766944298377,-0.000903831316936683,11.0113429420607,28.2936734897952,-14.216610155187,-2.93653416225011,-61.2756442607556,171.012073675628
0,0.200067567822007,-1.16930769798395e-11,1.32469997349211,0.999999999999999,-2.67944733606881e-08,-2.44953707558153e-12,2.67899298791509e-08,3.53685447483198e-06,-15.4560442241803,-40.356565293849,9.02130875846893e-07,-65.0994789303314,-4.02768575979657e-06,1,0.555497189078669,-0.0808161286583572,1.24367095443474,0.992530958676778,0.00736733102022878,0.121766942403954,-0.000903841863851931,11.0113434893938,26.2244397108583,-13.6236272488403,-2.86668033799394,-63.9344494925628,170.86029993699
1,0.200067567822007,-1.16930769798395e-11,1.32469997349211,0.999999999999999,-2.67944733606881e-08,-2.44953707558153e-12,2.67899298791509e-08,3.53685447483198e-06,-15.4560442241803,-40.356565293849,9.02130875846893e-07,-65.0994789303314,-4.02768575979657e-06,1,0.678141655292757,-0.0134204885853445,1.32469997349211,-0.00479962852218208,0.99998847506219,2.67896328801705e-08,-1.26132947160992e-10,3.53685447483198e-06,-15.4560442241803,-40.356565293849,9.02130875846893e-07,-65.0994789303314,-4.02768575979657e-06
1,0.200067567822007,-1.16930769798395e-11,1.32469997349211,0.999999999999999,-2.67944733606881e-08,-2.44953707558153e-12,2.67899298791509e-08,3.53685447483198e-06,-15.4560442241803,-40.356565293849,9.02130875846893e-07,-65.0994789303314,-4.02768575979657e-06,1,0.394289617899932,-0.0161976640259421,1.27100000012937,0.999971718767792,0.00751986404782702,2.66986140549562e-12,-1.90379609987523e-14,0.00619344822589332,51.3699530730828,33.6626966284813,7.05797052100686e-07,-72.2927435390509,-179.694472770499
1,0.200067567822007,-1.16930769798395e-11,1.32469997349211,0.999999999999999,-2.67944733606881e-08,-2.44953707558153e-12,2.67899298791509e-08,3.53685447483198e-06,-15.4560442241803,-40.356565293849,9.02130875846893e-07,-65.0994789303314,-4.02768575979657e-06,1,0.399118120104788,-0.011223703976475,1.26609823598836,0.99997236098124,0.00743397365687511,3.74942207948176e-13,6.97394247620398e-16,-0.583043713976024,50.4630718486053,31.0974270557213,7.44814432893013e-07,-70.6343551594575,-179.115078192009
0,0.200067567822007,-1.16930769798395e-11,1.32469997349211,0.999999999999999,-2.67944733606881e-08,-2.44953707558153e-12,2.67899298791509e-08,3.53685447483198e-06,-15.4560442241803,-40.356565293849,9.02130875846893e-07,-65.0994789303314,-4.02768575979657e-06,1,0.39921298096513,-0.0111259660609806,1.26109966441602,0.999972450666161,0.00742189998862744,5.30332737468234e-14,3.86198295046795e-16,-0.594741522106646,50.8221360435216,30.685957520706,7.3541332403056e-07,-69.8638214289364,-179.104763983612
0,0.200067567822007,-1.16930769798395e-11,1.32469997349211,0.999999999999999,-2.67944733606881e-08,-2.44953707558153e-12,2.67899298791509e-08,3.53685447483198e-06,-15.4560442241803,-40.356565293849,9.02130875846893e-07,-65.0994789303314,-4.02768575979657e-06,1,0.42627315059542,-0.0107242574658929,1.25969332752191,0.992530963517368,0.00736666722911148,-0.121766943675049,0.000903765449208141,-0.686352145681244,41.0198707229343,13.3885149536964,-0.319072294149171,-48.3825135875967,-178.830499266116
0,0.200067567822007,-1.16930769798395e-11,1.32469997349211,0.999999999999999,-2.67944733606881e-08,-2.44953707558153e-12,2.67899298791509e-08,3.53685447483198e-06,-15.4560442241803,-40.356565293849,9.02130875846893e-07,-65.0994789303314,-4.02768575979657e-06,1,0.426273159696335,-0.0107242576931256,1.27459351937242,0.99253096352405,0.00736666667540519,-0.121766943662459,0.000903764320047602,-0.686352106101671,39.6519152729961,14.3620762074498,-0.308145011274248,-50.7239952363132,-178.847339384538
1,0.200067567822007,-1.16930769798395e-11,1.32469997349211,0.999999999999999,-2.67944733606881e-08,-2.44953707558153e-12,2.67899298791509e-08,3.53685447483198e-06,-15.4560442241803,-40.356565293849,9.02130875846893e-07,-65.0994789303314,-4.02768575979657e-06,1,0.678141655292757,-0.0134204885853445,1.32469997349211,-0.00479962852218208,0.99998847506219,2.67896328801705e-08,-1.26132947160992e-10,3.53685447483198e-06,-15.4560442241803,-40.356565293849,9.02130875846893e-07,-65.0994789303314,-4.02768575979657e-06
1,0.200067567822007,-1.16930769798395e-11,1.32469997349211,0.999999999999999,-2.67944733606881e-08,-2.44953707558153e-12,2.67899298791509e-08,3.53685447483198e-06,-15.4560442241803,-40.356565293849,9.02130875846893e-07,-65.0994789303314,-4.02768575979657e-06,1,0.678141655292757,-0.0134204885853445,1.32469997349211,-0.00479962852218208,0.99998847506219,2.67896328801705e-08,-1.26132947160992e-10,3.53685447483198e-06,-15.4560442241803,-40.356565293849,9.02130875846893e-07,-65.0994789303314,-4.02768575979657e-06
1,0.210664104423197,-0.0429177862097239,1.23781557941039,0.999973208104098,0.00732004603806334,1.06304199399785e-13,3.61037651753413e-10,-11.5150637769869,1.97353045295914,-45.7910518204108,-4.55842608345372e-06,-42.2354183747068,12.3538931995218,0,0.678141655292757,-0.0134204885853445,1.32469997349211,-0.00479962852218208,0.99998847506219,2.67896328801705e-08,-1.26132947160992e-10,3.53685447483198e-06,-15.4560442241803,-40.356565293849,9.02130875846893e-07,-65.0994789303314,-4.02768575979657e-06
1,0.215494465209817,-0.0379513530958059,1.23505531138023,0.999972575971458,0.00740589663763534,1.02234522970542e-14,5.07359733438922e-11,-9.98810093193313,3.3631608493777,-45.0915170099022,-4.80926141918676e-06,-41.5453227166715,10.8367685961246,0,0.678141655292757,-0.0134204885853445,1.32469997349211,-0.00479962852218208,0.99998847506219,2.67896328801705e-08,-1.26132947160992e-10,3.53685447483198e-06,-15.4560442241803,-40.356565293849,9.02130875846893e-07,-65.0994789303314,-4.02768575979657e-06
1,0.215587888492311,-0.0378553136017757,1.23229983814868,0.999972491437719,0.00741730192460441,4.32212232155364e-16,9.51551188662493e-12,-9.95910111623892,3.96694879421294,-45.2187829176173,-4.9368588777306e-06,-40.8142688635188,10.8090759008473,0,0.678141655292757,-0.0134204885853445,1.32469997349211,-0.00479962852218208,0.99998847506219,2.67896328801705e-08,-1.26132947160992e-10,3.53685447483198e-06,-15.4560442241803,-40.356565293849,9.02130875846893e-07,-65.0994789303314,-4.02768575979657e-06
1,0.186825393486391,-0.0382820189111348,1.2287707730762,0.992531004526751,0.0073620922791194,0.121766945198481,-0.000903165224186287,-12.8155169262325,-4.709164395349,-55.4601871056243,-7.53008859625418,-25.8356037207764,20.0596197969752,0,0.678141655292757,-0.0134204885853445,1.32469997349211,-0.00479962852218208,0.99998847506219,2.67896328801705e-08,-1.26132947160992e-10,3.53685447483198e-06,-15.4560442241803,-40.356565293849,9.02130875846893e-07,-65.0994789303314,-4.02768575979657e-06
1,0.186825382720848,-0.0382819744926703,1.24367097182986,0.992531012683106,0.00736201460945774,0.121766884962547,-0.000902956065266456,-12.8154926918027,-8.51063080999962,-54.5140274097976,-6.45137786957655,-30.5481802448345,18.8367505764035,0,0.678141655292757,-0.0134204885853445,1.32469997349211,-0.00479962852218208,0.99998847506219,2.67896328801705e-08,-1.26132947160992e-10,3.53685447483198e-06,-15.4560442241803,-40.356565293849,9.02130875846893e-07,-65.0994789303314,-4.02768575979657e-06
1,0.200067567822007,-1.16930769798395e-11,1.32469997349211,0.999999999999999,-2.67944733606881e-08,-2.44953707558153e-12,2.67899298791509e-08,3.53685447483198e-06,-15.4560442241803,-40.356565293849,9.02130875846893e-07,-65.0994789303314,-4.02768575979657e-06,1,0.678141655292757,-0.0134204885853445,1.32469997349211,-0.00479962852218208,0.99998847506219,2.67896328801705e-08,-1.26132947160992e-10,3.53685447483198e-06,-15.4560442241803,-40.356565293849,9.02130875846893e-07,-65.0994789303314,-4.02768575979657e-06
1,0.394254784809555,-0.0161947668247483,1.28060783408661,0.999973208104093,0.00732004603872275,1.14881232035459e-14,3.60734166540789e-10,-2.35220928673997,30.7008101395661,2.12247821186102,-5.22852473614916e-06,-61.4216682409328,3.19103740693674,1,0.678141655292757,-0.0134204885853445,1.32469997349211,-0.00479962852218208,0.99998847506219,2.67896328801705e-08,-1.26132947160992e-10,3.53685447483198e-06,-15.4560442241803,-40.356565293849,9.02130875846893e-07,-65.0994789303314,-4.02768575979657e-06
1,0.399117411073243,-0.0112236357205138,1.27569838219145,0.999972575971457,0.00740589663773205,1.36282500332798e-16,5.06867553881287e-11,-1.61079632781475,32.1084765034289,3.1836910663577,-5.36220921621383e-06,-61.0752146942036,2.45946252174635,1,0.678141655292757,-0.0134204885853445,1.32469997349211,-0.00479962852218208,0.99998847506219,2.67896328801705e-08,-1.26132947160992e-10,3.53685447483198e-06,-15.4560442241803,-40.356565293849,9.02130875846893e-07,-65.0994789303314,-4.02768575979657e-06
1,0.39921296091494,-0.0111259646273957,1.27069966733513,0.999972486521336,0.00741796470314793,-7.69736336688866e-16,7.10838380356213e-12,-1.59640403366354,32.6189872397111,2.86639699861261,-5.43833193324144e-06,-60.2474098896574,2.44645325468029,0,0.678141655292757,-0.0134204885853445,1.32469997349211,-0.00479962852218208,0.99998847506219,2.67896328801705e-08,-1.26132947160992e-10,3.53685447483198e-06,-15.4560442241803,-40.356565293849,9.02130875846893e-07,-65.0994789303314,-4.02768575979657e-06
1,0.42627313432938,-0.0107244681990694,1.26929333042324,0.992530999105983,0.00736276065106471,-0.121766948046265,0.000903289971648004,-1.35134966536695,42.1160945439974,17.2560951122386,0.541751460899685,-79.119121715922,2.03390479401033,0,0.678141655292757,-0.0134204885853445,1.32469997349211,-0.00479962852218208,0.99998847506219,2.67896328801705e-08,-1.26132947160992e-10,3.53685447483198e-06,-15.4560442241803,-40.356565293849,9.02130875846893e-07,-65.0994789303314,-4.02768575979657e-06
1,0.42627312523742,-0.0107244681910128,1.28419352227482,0.99253099911083,0.00736276069939539,-0.121766948012455,0.000903288809283797,-1.3513497271859,40.8734962697982,18.3688200830222,0.537956206282696,-81.474340440617,2.05641748358728,0,0.678141655292757,-0.0134204885853445,1.32469997349211,-0.00479962852218208,0.99998847506219,2.67896328801705e-08,-1.26132947160992e-10,3.53685447483198e-06,-15.4560442241803,-40.356565293849,9.02130875846893e-07,-65.0994789303314,-4.02768575979657e-06
1,0.200067567822007,-1.16930769798395e-11,1.32469997349211,0.999999999999999,-2.67944733606881e-08,-2.44953707558153e-12,2.67899298791509e-08,3.53685447483198e-06,-15.4560442241803,-40.356565293849,9.02130875846893e-07,-65.0994789303314,-4.02768575979657e-06,1,0.678141655292757,-0.0134204885853445,1.32469997349211,-0.00479962852218208,0.99998847506219,2.67896328801705e-08,-1.26132947160992e-10,3.53685447483198e-06,-15.4560442241803,-40.356565293849,9.02130875846893e-07,-65.0994789303314,-4.02768575979657e-06
1,0.200067567822007,-1.16930769798395e-11,1.32469997349211,0.999999999999999,-2.67944733606881e-08,-2.44953707558153e-12,2.67899298791509e-08,3.53685447483198e-06,-15.4560442241803,-40.356565293849,9.02130875846893e-07,-65.0994789303314,-4.02768575979657e-06,1,0.678141655292757,-0.0134204885853445,1.32469997349211,-0.00479962852218208,0.99998847506219,2.67896328801705e-08,-1.26132947160992e-10,3.53685447483198e-06,-15.4560442241803,-40.356565293849,9.02130875846893e-07,-65.0994789303314,-4.02768575979657e-06
0,0.200067567822007,-1.16930769798395e-11,1.32469997349211,0.999999999999999,-2.67944733606881e-08,-2.44953707558153e-12,2.67899298791509e-08,3.53685447483198e-06,-15.4560442241803,-40.356565293849,9.02130875846893e-07,-65.0994789303314,-4.02768575979657e-06,1,0.578625503992943,-0.0374645615374547,1.23780000021194,0.999971718767792,0.00751986404782557,2.67078375293491e-12,-1.92044847110965e-14,4.4035319185469,18.4612151007872,-25.737661525789,2.91645678944324e-06,-45.8011235925414,175.908187936236
0,0.200067567822007,-1.16930769798395e-11,1.32469997349211,0.999999999999999,-2.67944733606881e-08,-2.44953707558153e-12,2.67899298791509e-08,3.53685447483198e-06,-15.4560442241803,-40.356565293849,9.02130875846893e-07,-65.0994789303314,-4.02768575979657e-06,1,0.583453996923208,-0.0324906040993717,1.23505501300264,0.99997236098124,0.00743397365687335,3.75949563894067e-13,1.12504164071767e-15,3.52349509565719,17.9660558004457,-27.1437256322635,3.00258723394778e-06,-44.890218739608,176.778382084287
0,0.200067567822007,-1.16930769798395e-11,1.32469997349211,0.999999999999999,-2.67944733606881e-08,-2.44953707558153e-12,2.67899298791509e-08,3.53685447483198e-06,-15.4560442241803,-40.356565293849,9.02130875846893e-07,-65.0994789303314,-4.02768575979657e-06,1,0.583547375050602,-0.032394400404521,1.23229982774249,0.999972445744445,0.00742256307493001,7.01381103525174e-14,9.72627517889936e-16,3.50616870400306,18.3975699520983,-27.2854411080272,3.00182601661269e-06,-44.3169891112997,176.794400855699
0,0.200067567822007,-1.16930769798395e-11,1.32469997349211,0.999999999999999,-2.67944733606881e-08,-2.44953707558153e-12,2.67899298791509e-08,3.53685447483198e-06,-15.4560442241803,-40.356565293849,9.02130875846893e-07,-65.0994789303314,-4.02768575979657e-06,1,0.554784884578897,-0.0328214175220927,1.22877076244481,0.992530958599233,0.00736732836287954,0.121766943185786,-0.000903843349630136,3.07300024882288,27.3161346700363,-15.7256644986395,-0.766464768557529,-60.9332118083556,177.68205604799
0,0.200067567822007,-1.16930769798395e-11,1.32469997349211,0.999999999999999,-2.67944733606881e-08,-2.44953707558153e-12,2.67899298791509e-08,3.53685447483198e-06,-15.4560442241803,-40.356565293849,9.02130875846893e-07,-65.0994789303314,-4.02768575979657e-06,1,0.554784895667207,-0.0328214173070737,1.24367095444825,0.992530958619387,0.00736732775832425,0.121766943036559,-0.000903846249047187,3.07300040409592,25.2120302111169,-15.1294380320879,-0.747714947209029,-63.6333071152969,177.641754290117
1,0.200067567822007,-1.16930769798395e-11,1.32469997349211,0.999999999999999,-2.67944733606881e-08,-2.44953707558153e-12,2.67899298791509e-08,3.53685447483198e-06,-15.4560442241803,-40.356565293849,9.02130875846893e-07,-65.0994789303314,-4.02768575979657e-06,1,0.678141655292757,-0.0134204885853445,1.32469997349211,-0.00479962852218208,0.99998847506219,2.67896328801705e-08,-1.26132947160992e-10,3.53685447483198e-06,-15.4560442241803,-40.356565293849,9.02130875846893e-07,-65.0994789303314,-4.02768575979657e-06
1,0.200067567822007,-1.16930769798395e-11,1.32469997349211,0.999999999999999,-2.67944733606881e-08,-2.44953707558153e-12,2.67899298791509e-08,3.53685447483198e-06,-15.4560442241803,-40.356565293849,9.02130875846893e-07,-65.0994789303314,-4.02768575979657e-06,1,0.394289617899917,-0.0161976640259422,1.2902000000825,0.999971718767792,0.00751986404782731,2.6710745106084e-12,-1.90317750216007e-14,0.00619341297328399,50.1485059057095,35.4631776192021,7.37868768203865e-07,-75.3146716971452,-179.694472656938
1,0.200067567822007,-1.16930769798395e-11,1.32469997349211,0.999999999999999,-2.67944733606881e-08,-2.44953707558153e-12,2.67899298791509e-08,3.53685447483198e-06,-15.4560442241803,-40.356565293849,9.02130875846893e-07,-65.0994789303314,-4.02768575979657e-06,1,0.399118121427928,-0.0112237039701706,1.28529823491495,0.99997236098124,0.00743397365687788,3.7535452763218e-13,1.03841672068976e-15,-0.583043745531182,49.1355351074359,32.7511251595362,7.80279642358498e-07,-73.6155900044418,-179.115078079241
0,0.200067567822007,-1.16930769798395e-11,1.32469997349211,0.999999999999999,-2.67944733606881e-08,-2.44953707558153e-12,2.67899298791509e-08,3.53685447483198e-06,-15.4560442241803,-40.356565293849,9.02130875846893e-07,-65.0994789303314,-4.02768575979657e-06,1,0.39921298114806,-0.0111259660609637,1.28029966441921,0.999972450666161,0.00742189998862736,5.25450225198678e-14,4.61114750325234e-16,-0.594741550696928,49.4338277939017,32.242195846148,7.72679067074607e-07,-72.8083680039982,-179.104763873135
0,0.200067567822007,-1.16930769798395e-11,1.32469997349211,0.999999999999999,-2.67944733606881e-08,-2.44953707558153e-12,2.67899298791509e-08,3.53685447483198e-06,-15.4560442241803,-40.356565293849,9.02130875846893e-07,-65.0994789303314,-4.02768575979657e-06,1,0.426273150779196,-0.0107242574334482,1.27889332752039,0.992530963516932,0.00736666725789023,-0.121766943675775,0.000903765595750862,-0.686352166317524,39.280007624744,14.6768402747419,-0.305176191645869,-51.4106571177605,-178.852063729607
0,0.200067567822007,-1.16930769798395e-11,1.32469997349211,0.999999999999999,-2.67944733606881e-08,-2.44953707558153e-12,2.67899298791509e-08,3.53685447483198e-06,-15.4560442241803,-40.356565293849,9.02130875846893e-07,-65.0994789303314,-4.02768575979657e-06,1,0.426273160142346,-0.0107242576491102,1.29379351953694,0.992530963523238,0.00736666673089175,-0.121766943664139,0.000903764533824324,-0.686352133138693,38.0729528735453,15.8865862497211,-0.29549544632601,-53.827424658922,-178.868005552334
1,0.200067567822007,-1.16930769798395e-11,1.32469997349211,0.999999999999999,-2.67944733606881e-08,-2.44953707558153e-12,2.67899298791509e-08,3.53685447483198e-06,-15.4560442241803,-40.356565293849,9.02130875846893e-07,-65.0994789303314,-4.02768575979657e-06,1,0.678141655292757,-0.0134204885853445,1.32469997349211,-0.00479962852218208,0.99998847506219,2.67896328801705e-08,-1.26132947160992e-10,3.53685447483198e-06,-15.4560442241803,-40.356565293849,9.02130875846893e-07,-65.0994789303314,-4.02768575979657e-06
1,0.200067567822007,-1.16930769798395e-11,1.32469997349211,0.999999999999999,-2.67944733606881e-08,-2.44953707558153e-12,2.67899298791509e-08,3.53685447483198e-06,-15.4560442241803,-40.356565293849,9.02130875846893e-07,-65.0994789303314,-4.02768575979657e-06,1,0.678141655292757,-0.0134204885853445,1.32469997349211,-0.00479962852218208,0.99998847506219,2.67896328801705e-08,-1.26132947160992e-10,3.53685447483198e-06,-15.4560442241803,-40.356565293849,9.02130875846893e-07,-65.0994789303314,-4.02768575979657e-06
1,0.217468512603773,0.0310836187672647,1.23780000125866,0.712404040637684,-0.701769536873112,-3.54984091409623e-15,3.80273684259391e-12,8.13441436626867,2.9682592935583,-44.7465607835445,3.42623926806951e-07,-42.285176877197,-97.2727058794012,0,0.678141655292757,-0.0134204885853445,1.32469997349211,-0.00479962852218208,0.99998847506219,2.67896328801705e-08,-1.26132947160992e-10,3.53685447483198e-06,-15.4560442241803,-40.356565293849,9.02130875846893e-07,-65.0994789303314,-4.02768575979657e-06
1,0.222442470733063,0.0262551216194019,1.23505500429505,0.71234384212129,-0.701830642385952,8.27641353702865e-15,5.3655757109192e-13,6.73154048576952,4.43246101324335,-43.9295381320688,1.17153804603003e-07,-41.6379978001388,-95.8796611925059,0,0.678141655292757,-0.0134204885853445,1.32469997349211,-0.00479962852218208,0.99998847506219,2.67896328801705e-08,-1.26132947160992e-10,3.53685447483198e-06,-15.4560442241803,-40.356565293849,9.02130875846893e-07,-65.0994789303314,-4.02768575979657e-06
1,0.222538670823731,0.026161749760914,1.23229982737233,0.712335844326692,-0.701838759892454,3.67760343874586e-15,1.01997357591226e-13,6.70494616570145,5.02631625781637,-44.0520368123084,6.83084633783106e-08,-40.921643875149,-95.854372673315,0,0.678141655292757,-0.0134204885853445,1.32469997349211,-0.00479962852218208,0.99998847506219,2.67896328801705e-08,-1.26132947160992e-10,3.53685447483198e-06,-15.4560442241803,-40.356565293849,9.02130875846893e-07,-65.0994789303314,-4.02768575979657e-06
1,0.222111633403185,0.0549242433984171,1.22877076143576,0.707034856004292,-0.696615894152004,0.0867414152441426,0.0854630639003647,18.0565782997639,8.04963840313959,-42.2091406064316,18.8763224458655,-45.5391726985104,-121.167282885738,0,0.678141655292757,-0.0134204885853445,1.32469997349211,-0.00479962852218208,0.99998847506219,2.67896328801705e-08,-1.26132947160992e-10,3.53685447483198e-06,-15.4560442241803,-40.356565293849,9.02130875846893e-07,-65.0994789303314,-4.02768575979657e-06
1,0.222111629645781,0.0549242100311408,1.24367096437212,0.707034907287887,-0.696615871304104,0.0867412443763968,0.0854629992901463,18.0565646106431,5.04510346074571,-41.4613522430396,17.7876169783769,-49.1013467161143,-119.562117772994,0,0.678141655292757,-0.0134204885853445,1.32469997349211,-0.00479962852218208,0.99998847506219,2.67896328801705e-08,-1.26132947160992e-10,3.53685447483198e-06,-15.4560442241803,-40.356565293849,9.02130875846893e-07,-65.0994789303314,-4.02768575979657e-06
1,0.200067567822007,-1.16930769798395e-11,1.32469997349211,0.999999999999999,-2.67944733606881e-08,-2.44953707558153e-12,2.67899298791509e-08,3.53685447483198e-06,-15.4560442241803,-40.356565293849,9.02130875846893e-07,-65.0994789303314,-4.02768575979657e-06,1,0.678141655292757,-0.0134204885853445,1.32469997349211,-0.00479962852218208,0.99998847506219,2.67896328801705e-08,-1.26132947160992e-10,3.53685447483198e-06,-15.4560442241803,-40.356565293849,9.02130875846893e-07,-65.0994789303314,-4.02768575979657e-06
1,0.402041827759949,-0.00618151648419409,1.29980000035488,0.712404040637687,-0.701769536873108,-3.21079196050116e-15,3.80347466038481e-12,-0.880868611509287,30.5215647949103,5.98713826735175,-1.81581699722485e-06,-65.4655704034133,-88.2574223154787,1,0.678141655292757,-0.0134204885853445,1.32469997349211,-0.00479962852218208,0.99998847506219,2.67896328801705e-08,-1.26132947160992e-10,3.53685447483198e-06,-15.4560442241803,-40.356565293849,9.02130875846893e-07,-65.0994789303314,-4.02768575979657e-06
1,0.407015787923789,-0.0110100083232107,1.29489822769703,0.712343842121294,-0.701830642385948,-3.20325823443571e-16,5.33044189633234e-13,-1.54950338945776,31.9805859877626,7.13455703345933,-1.9332011609567e-06,-65.1539679776853,-87.5986168742565,1,0.678141655292757,-0.0134204885853445,1.32469997349211,-0.00479962852218208,0.99998847506219,2.67896328801705e-08,-1.26132947160992e-10,3.53685447483198e-06,-15.4560442241803,-40.356565293849,9.02130875846893e-07,-65.0994789303314,-4.02768575979657e-06
1,0.407113525319108,-0.0111048771128531,1.28989966435072,0.712335379559851,-0.701839231610291,9.11760992141867e-16,7.58784157882617e-14,-1.56247324289897,32.4256992653768,6.74321799352654,-1.9696939829911e-06,-64.3175156601287,-87.5870287103939,0,0.678141655292757,-0.0134204885853445,1.32469997349211,-0.00479962852218208,0.99998847506219,2.67896328801705e-08,-1.26132947160992e-10,3.53685447483198e-06,-15.4560442241803,-40.356565293849,9.02130875846893e-07,-65.0994789303314,-4.02768575979657e-06
1,0.407515225035531,-0.0381650483966173,1.28849332732122,0.707034401885328,-0.696616356427788,-0.0867412653678617,-0.0854632048914162,-7.7599330261342,33.6159412946232,7.80541808252591,-15.0430926389427,-67.0514479496974,-75.1484069980587,0,0.678141655292757,-0.0134204885853445,1.32469997349211,-0.00479962852218208,0.99998847506219,2.67896328801705e-08,-1.26132947160992e-10,3.53685447483198e-06,-15.4560442241803,-40.356565293849,9.02130875846893e-07,-65.0994789303314,-4.02768575979657e-06
1,0.407515216535222,-0.038165039957186,1.30339352075435,0.70703439732612,-0.696616368054581,-0.0867412426413433,-0.0854631709051921,-7.75993123495865,32.3832506161979,9.08826119236926,-14.7849717792557,-69.4822723503779,-75.8453229706862,0,0.678141655292757,-0.0134204885853445,1.32469997349211,-0.00479962852218208,0.99998847506219,2.67896328801705e-08,-1.26132947160992e-10,3.53685447483198e-06,-15.4560442241803,-40.356565293849,9.02130875846893e-07,-65.0994789303314,-4.02768575979657e-06
1,0.200067567822007,-1.16930769798395e-11,1.32469997349211,0.999999999999999,-2.67944733606881e-08,-2.44953707558153e-12,2.67899298791509e-08,3.53685447483198e-06,-15.4560442241803,-40.356565293849,9.02130875846893e-07,-65.0994789303314,-4.02768575979657e-06,1,0.678141655292757,-0.0134204885853445,1.32469997349211,-0.00479962852218208,0.99998847506219,2.67896328801705e-08,-1.26132947160992e-10,3.53685447483198e-06,-15.4560442241803,-40.356565293849,9.02130875846893e-07,-65.0994789303314,-4.02768575979657e-06
1,0.200067567822007,-1.16930769798395e-11,1.32469997349211,0.999999999999999,-2.67944733606881e-08,-2.44953707558153e-12,2.67899298791509e-08,3.53685447483198e-06,-15.4560442241803,-40.356565293849,9.02130875846893e-07,-65.0994789303314,-4.02768575979657e-06,1,0.678141655292757,-0.0134204885853445,1.32469997349211,-0.00479962852218208,0.99998847506219,2.67896328801705e-08,-1.26132947160992e-10,3.53685447483198e-06,-15.4560442241803,-40.356565293849,9.02130875846893e-07,-65.0994789303314,-4.02768575979657e-06
0,0.200067567822007,-1.16930769798395e-11,1.32469997349211,0.999999999999999,-2.67944733606881e-08,-2.44953707558153e-12,2.67899298791509e-08,3.53685447483198e-06,-15.4560442241803,-40.356565293849,9.02130875846893e-07,-65.0994789303314,-4.02768575979657e-06,1,0.585427992127999,0.0365445387524133,1.23780000003613,0.71240400095951,-0.701769558469281,3.77574916661189e-12,-3.21294296827868e-14,-9.86930185868721,17.7393993429982,-26.7270366122021,-5.49966689071432e-07,-45.5335670669969,100.181002278126
0,0.200067567822007,-1.16930769798395e-11,1.32469997349211,0.999999999999999,-2.67944733606881e-08,-2.44953707558153e-12,2.67899298791509e-08,3.53685447483198e-06,-15.4560442241803,-40.356565293849,9.02130875846893e-07,-65.0994789303314,-4.02768575979657e-06,1,0.590401964260484,0.0317160595512741,1.2350550128224,0.712343828517478,-0.701830637508735,5.30749938917871e-13,-6.44405127865573e-15,-9.0897898866599,17.1642380317711,-28.2384472723269,-5.76196471371606e-07,-44.5973177249832,99.3916652435222
0,0.200067567822007,-1.16930769798395e-11,1.32469997349211,0.999999999999999,-2.67944733606881e-08,-2.44953707558153e-12,2.67899298791509e-08,3.53685447483198e-06,-15.4560442241803,-40.356565293849,9.02130875846893e-07,-65.0994789303314,-4.02768575979657e-06,1,0.590498156015958,0.0316226699763766,1.23229982776167,0.712335834186614,-0.701838751499181,9.86637437238258e-14,-2.68979943514087e-15,-9.07441400815982,17.6006175050707,-28.3832498795424,-6.15561421118466e-07,-44.0161356445736,99.3749841217589
0,0.200067567822007,-1.16930769798395e-11,1.32469997349211,0.999999999999999,-2.67944733606881e-08,-2.44953707558153e-12,2.67899298791509e-08,3.53685447483198e-06,-15.4560442241803,-40.356565293849,9.02130875846893e-07,-65.0994789303314,-4.02768575979657e-06,1,0.590071154760949,0.060385163414536,1.22877076181838,0.707034854745698,-0.696615876861646,0.0867413073986372,0.0854631712613834,-17.7530685894243,20.4703835815351,-25.8972146781465,-17.6164486590172,-49.4112628570174,120.240928680934
0,0.200067567822007,-1.16930769798395e-11,1.32469997349211,0.999999999999999,-2.67944733606881e-08,-2.44953707558153e-12,2.67899298791509e-08,3.53685447483198e-06,-15.4560442241803,-40.356565293849,9.02130875846893e-07,-65.0994789303314,-4.02768575979657e-06,1,0.590071160853793,0.0603851439971445,1.24367095939889,0.707034841948105,-0.696615905864613,0.0867412707223613,0.0854630779552202,-17.7530627596352,18.0944502968434,-25.2665258600996,-16.8901829054828,-52.2827081212795,119.09105822301
1,0.200067567822007,-1.16930769798395e-11,1.32469997349211,0.999999999999999,-2.67944733606881e-08,-2.44953707558153e-12,2.67899298791509e-08,3.53685447483198e-06,-15.4560442241803,-40.356565293849,9.02130875846893e-07,-65.0994789303314,-4.02768575979657e-06,1,0.678141655292757,-0.0134204885853445,1.32469997349211,-0.00479962852218208,0.99998847506219,2.67896328801705e-08,-1.26132947160992e-10,3.53685447483198e-06,-15.4560442241803,-40.356565293849,9.02130875846893e-07,-65.0994789303314,-4.02768575979657e-06
1,0.296352790366887,-0.051304769708972,1.16137907146747,0.707036086723527,-4.6372961825494e-08,0.707177468582433,-1.42330826713736e-07,-12.8808584209184,42.4185130982775,-39.6720446325778,13.0000451409068,82.3022702655791,-1.77389847766634,1,0.402279262085364,-0.0221797547974272,1.30940000000609,0.712404000959512,-0.701769558469279,3.77625798464487e-12,-3.37165955537603e-14,0.735512176698827,46.9807752437795,33.9881667164992,-2.32692608148899e-06,-77.0073945431283,89.5761875509786
1,0.296352790378198,-0.0353048436473685,1.1613790711679,0.707036085732019,-3.29146411094116e-08,0.707177469573753,-8.6967227347018e-08,-8.94290199553606,42.2643465600641,-40.3307793101646,9.01665708750393,82.6970909969012,-1.15736628245194,1,0.407253244767044,-0.0270082351502953,1.3044982341513,0.712343828517479,-0.701830637508734,5.2922898127519e-13,-7.4050388352086e-15,1.33606287910684,45.9434484680817,31.2803921014614,-2.33763961628151e-06,-75.3369467031104,88.9658118605936
0,0.296352790378198,-0.0353048436473685,1.1613790711679,0.707036085732019,-3.29146411094116e-08,0.707177469573753,-8.6967227347018e-08,-8.94290199553606,42.2643465600641,-40.3307793101646,9.01665708750393,82.6970909969012,-1.15736628245194,1,0.407350963639823,-0.027103115095255,1.2994996644247,0.712335369621035,-0.701839223012719,7.34628953329899e-14,-2.11699250182745e-15,1.34798701816189,46.1977548479238,30.6936633605185,-2.35741901931308e-06,-74.4959115822761,88.952506630324
0,0.296352790378198,-0.0353048436473685,1.1613790711679,0.707036085732019,-3.29146411094116e-08,0.707177469573753,-8.6967227347018e-08,-8.94290199553606,42.2643465600641,-40.3307793101646,9.01665708750393,82.6970909969012,-1.15736628245194,1,0.407752678669264,-0.0541632850042342,1.29809332747058,0.707034386433614,-0.696616353905676,-0.0867413141725054,-0.0854631503015461,6.73000137653462,47.1569314132658,31.57701298202,14.3060011346621,-76.4353229108108,79.9529056486407
1,0.296352663885329,-0.0515045911197875,1.16138033674484,0.707036086739677,-4.65322148627162e-08,0.707177468566286,-1.43014756921951e-07,-12.9293509786008,42.4204793475202,-39.662460190305,13.0491876424501,82.2963526651577,-1.78219466972621,1,0.407752687252146,-0.0541632780926491,1.31299352014641,0.707034393567817,-0.696616352318518,-0.0867412878697092,-0.085463130913682,6.73000009301747,46.3620640592601,33.2524070848682,14.1727444996226,-78.8297129627016,80.5749176617203
1,0.200067567822007,-1.16930769798395e-11,1.32469997349211,0.999999999999999,-2.67944733606881e-08,-2.44953707558153e-12,2.67899298791509e-08,3.53685447483198e-06,-15.4560442241803,-40.356565293849,9.02130875846893e-07,-65.0994789303314,-4.02768575979657e-06,1,0.678141655292757,-0.0134204885853445,1.32469997349211,-0.00479962852218208,0.99998847506219,2.67896328801705e-08,-1.26132947160992e-10,3.53685447483198e-06,-15.4560442241803,-40.356565293849,9.02130875846893e-07,-65.0994789303314,-4.02768575979657e-06
1,0.200067567822007,-1.16930769798395e-11,1.32469997349211,0.999999999999999,-2.67944733606881e-08,-2.44953707558153e-12,2.67899298791509e-08,3.53685447483198e-06,-15.4560442241803,-40.356565293849,9.02130875846893e-07,-65.0994789303314,-4.02768575979657e-06,1,0.678141655292757,-0.0134204885853445,1.32469997349211,-0.00479962852218208,0.99998847506219,2.67896328801705e-08,-1.26132947160992e-10,3.53685447483198e-06,-15.4560442241803,-40.356565293849,9.02130875846893e-07,-65.0994789303314,-4.02768575979657e-06
1,0.21675621875811,0.0790783327549271,1.23780000125836,0.712404040637685,-0.70176953687311,-4.6690555763692e-15,3.80060944942533e-12,20.0432941761356,5.24839907996568,-42.2608390492643,1.07883600108522e-06,-42.4907589708805,-109.181586240066,0,0.678141655292757,-0.0134204885853445,1.32469997349211,-0.00479962852218208,0.99998847506219,2.67896328801705e-08,-1.26132947160992e-10,3.53685447483198e-06,-15.4560442241803,-40.356565293849,9.02130875846893e-07,-65.0994789303314,-4.02768575979657e-06
1,0.22173017723588,0.0742498367326389,1.2350550072316,0.71234384212129,-0.701830642385953,8.08704493467364e-15,5.33724805223768e-13,18.5139353825822,6.42112702210536,-41.7015588795355,8.8203149427402e-07,-41.8773111723976,-107.662056668581,0,0.678141655292757,-0.0134204885853445,1.32469997349211,-0.00479962852218208,0.99998847506219,2.67896328801705e-08,-1.26132947160992e-10,3.53685447483198e-06,-15.4560442241803,-40.356565293849,9.02130875846893e-07,-65.0994789303314,-4.02768575979657e-06
1,0.221826377239958,0.074156463879716,1.23229982748125,0.712335844326692,-0.701838759892454,2.86149091238644e-15,1.00833161613168e-13,18.4847630952236,6.98909084635122,-41.8245669828928,8.46022794976436e-07,-41.1863392442978,-107.634190198924,0,0.678141655292757,-0.0134204885853445,1.32469997349211,-0.00479962852218208,0.99998847506219,2.67896328801705e-08,-1.26132947160992e-10,3.53685447483198e-06,-15.4560442241803,-40.356565293849,9.02130875846893e-07,-65.0994789303314,-4.02768575979657e-06
1,0.221399341557513,0.102918958086034,1.22877076140358,0.707034852274861,-0.696615897533272,0.0867414120742036,0.0854630704102813,28.5503502548291,11.5260081066417,-37.9583124216625,16.6464624580733,-48.3418652486169,-129.656099783407,0,0.678141655292757,-0.0134204885853445,1.32469997349211,-0.00479962852218208,0.99998847506219,2.67896328801705e-08,-1.26132947160992e-10,3.53685447483198e-06,-15.4560442241803,-40.356565293849,9.02130875846893e-07,-65.0994789303314,-4.02768575979657e-06
1,0.221399340418192,0.102918932022253,1.24367096083377,0.70703488786855,-0.696615880957039,0.0867412803398009,0.0854630447630335,28.550340967164,8.71519755691552,-37.2506818852186,15.8217271194739,-51.7201839961358,-128.372801885069,0,0.678141655292757,-0.0134204885853445,1.32469997349211,-0.00479962852218208,0.99998847506219,2.67896328801705e-08,-1.26132947160992e-10,3.53685447483198e-06,-15.4560442241803,-40.356565293849,9.02130875846893e-07,-65.0994789303314,-4.02768575979657e-06
1,0.200067567822007,-1.16930769798395e-11,1.32469997349211,0.999999999999999,-2.67944733606881e-08,-2.44953707558153e-12,2.67899298791509e-08,3.53685447483198e-06,-15.4560442241803,-40.356565293849,9.02130875846893e-07,-65.0994789303314,-4.02768575979657e-06,1,0.678141655292757,-0.0134204885853445,1.32469997349211,-0.00479962852218208,0.99998847506219,2.67896328801705e-08,-1.26132947160992e-10,3.53685447483198e-06,-15.4560442241803,-40.356565293849,9.02130875846893e-07,-65.0994789303314,-4.02768575979657e-06
1,0.40251669032302,-0.0381779924768894,1.31900000007701,0.712404040637687,-0.701769536873108,-3.24770597625758e-15,3.8040483737295e-12,-5.41819182778246,29.5362001408436,8.55932623683593,-1.97983954634611e-06,-69.023123043943,-83.7200991180148,1,0.518590785385513,-0.0673006113896693,1.17097902394875,7.26177315968815e-06,-0.70703608521386,7.80723699253888e-06,0.707177460601818,10.4295562848791,44.6407915134521,-26.0007198719858,-11.6179961119831,71.0209288236326,3.82757000846605
1,0.407490650405856,-0.0430064840037836,1.3140982270892,0.712343842121294,-0.701830642385948,-1.27707948999097e-15,5.33493770663175e-13,-6.02468048354192,31.0437333391154,9.76545272249846,-2.0931283641363e-06,-68.7217163347595,-83.1234398066338,1,0.518590785373091,-0.0513006857313324,1.17097902320074,7.2565095582019e-06,-0.707036082792023,7.8516946765791e-06,0.707177463022732,7.32851302292829,44.4037677224298,-26.6328987379811,-8.32261269569083,71.2337801313826,2.69598506785076
1,0.407588387836744,-0.0431013532893684,1.30909966435822,0.712335379559851,-0.701839231610291,1.1443200187908e-15,7.5637522864736e-14,-6.03643528348329,31.4291804437365,9.29838923560586,-2.12526808757679e-06,-67.8692057432795,-83.1130666945653,0,0.518590785373091,-0.0513006857313324,1.17097902320074,7.2565095582019e-06,-0.707036082792023,7.8516946765791e-06,0.707177463022732,7.32851302292829,44.4037677224298,-26.6328987379811,-8.32261269569083,71.2337801313826,2.69598506785076
1,0.407990088255071,-0.0701615246692443,1.30769332730904,0.707034404238951,-0.696616353956139,-0.0867412678184645,-0.0854632030792904,-12.1057894613304,33.33347326384,11.4294108127569,-14.3548320687131,-71.837951858938,-72.1008360325388,0,0.518590785373091,-0.0513006857313324,1.17097902320074,7.2565095582019e-06,-0.707036082792023,7.8516946765791e-06,0.707177463022732,7.32851302292829,44.4037677224298,-26.6328987379811,-8.32261269569083,71.2337801313826,2.69598506785076
1,0.407990080028533,-0.070161516121224,1.32259352062652,0.707034401393461,-0.696616363177932,-0.0867412490296339,-0.0854631705222803,-12.1057878445201,32.30127333296,12.9571563078286,-14.1629692742332,-74.3190600254359,-72.7598475220865,1,0.518591230028771,-0.0675004286735203,1.17098024069985,7.2618357325868e-06,-0.707036085250216,7.80668580048912e-06,0.707177460565474,10.4679303628103,44.6439496056956,-25.9916984805019,-11.6588926335905,71.0177525438625,3.84199780343117
1,0.200067567822007,-1.16930769798395e-11,1.32469997349211,0.999999999999999,-2.67944733606881e-08,-2.44953707558153e-12,2.67899298791509e-08,3.53685447483198e-06,-15.4560442241803,-40.356565293849,9.02130875846893e-07,-65.0994789303314,-4.02768575979657e-06,1,0.678141655292757,-0.0134204885853445,1.32469997349211,-0.00479962852218208,0.99998847506219,2.67896328801705e-08,-1.26132947160992e-10,3.53685447483198e-06,-15.4560442241803,-40.356565293849,9.02130875846893e-07,-65.0994789303314,-4.02768575979657e-06
1,0.200067567822007,-1.16930769798395e-11,1.32469997349211,0.999999999999999,-2.67944733606881e-08,-2.44953707558153e-12,2.67899298791509e-08,3.53685447483198e-06,-15.4560442241803,-40.356565293849,9.02130875846893e-07,-65.0994789303314,-4.02768575979657e-06,1,0.678141655292757,-0.0134204885853445,1.32469997349211,-0.00479962852218208,0.99998847506219,2.67896328801705e-08,-1.26132947160992e-10,3.53685447483198e-06,-15.4560442241803,-40.356565293849,9.02130875846893e-07,-65.0994789303314,-4.02768575979657e-06
0,0.200067567822007,-1.16930769798395e-11,1.32469997349211,0.999999999999999,-2.67944733606881e-08,-2.44953707558153e-12,2.67899298791509e-08,3.53685447483198e-06,-15.4560442241803,-40.356565293849,9.02130875846893e-07,-65.0994789303314,-4.02768575979657e-06,1,0.584715698273221,0.0845392534150505,1.23780000003611,0.712404000959511,-0.701769558469279,3.77705132299892e-12,-3.13472718935899e-14,-18.6700687860481,19.9130044900813,-23.7202157971611,-6.45030322459365e-08,-46.3667826163696,108.981768827163
0,0.200067567822007,-1.16930769798395e-11,1.32469997349211,0.999999999999999,-2.67944733606881e-08,-2.44953707558153e-12,2.67899298791509e-08,3.53685447483198e-06,-15.4560442241803,-40.356565293849,9.02130875846893e-07,-65.0994789303314,-4.02768575979657e-06,1,0.589689670365335,0.0797107718210633,1.23505501260742,0.71234382851748,-0.701830637508734,5.31923979505554e-13,-4.59089346724245e-15,-18.0940297059804,19.232639569761,-25.3911521421662,-5.88847837922087e-08,-45.3762112014105,108.395904659305
0,0.200067567822007,-1.16930769798395e-11,1.32469997349211,0.999999999999999,-2.67944733606881e-08,-2.44953707558153e-12,2.67899298791509e-08,3.53685447483198e-06,-15.4560442241803,-40.356565293849,9.02130875846893e-07,-65.0994789303314,-4.02768575979657e-06,1,0.589785861990292,0.0796173842314326,1.2322998277392,0.712335834186614,-0.70183875149918,9.96050394147709e-14,-2.08610257878586e-15,-18.0826548774727,19.6506509739566,-25.5365343431335,-9.03197229268447e-08,-44.8128175964176,108.383224577383
0,0.200067567822007,-1.16930769798395e-11,1.32469997349211,0.999999999999999,-2.67944733606881e-08,-2.44953707558153e-12,2.67899298791509e-08,3.53685447483198e-06,-15.4560442241803,-40.356565293849,9.02130875846893e-07,-65.0994789303314,-4.02768575979657e-06,1,0.589358859539932,0.108379878105466,1.22877076167937,0.70703485790541,-0.696615873315492,0.0867413119475757,0.0854631694091247,-25.9512706975591,23.6118313165355,-21.3199068650935,-15.8722923642277,-52.4376378946733,126.776124939619
0,0.200067567822007,-1.16930769798395e-11,1.32469997349211,0.999999999999999,-2.67944733606881e-08,-2.44953707558153e-12,2.67899298791509e-08,3.53685447483198e-06,-15.4560442241803,-40.356565293849,9.02130875846893e-07,-65.0994789303314,-4.02768575979657e-06,1,0.589358864128915,0.108379861785932,1.24367095758191,0.707034848322768,-0.696615894483004,0.0867412934553348,0.0854630949170832,-25.951266498633,21.3668553247513,-20.7075941259996,-15.3103808006693,-55.1898599956121,125.824689819722
1,0.200067567822007,-1.16930769798395e-11,1.32469997349211,0.999999999999999,-2.67944733606881e-08,-2.44953707558153e-12,2.67899298791509e-08,3.53685447483198e-06,-15.4560442241803,-40.356565293849,9.02130875846893e-07,-65.0994789303314,-4.02768575979657e-06,1,0.678141655292757,-0.0134204885853445,1.32469997349211,-0.00479962852218208,0.99998847506219,2.67896328801705e-08,-1.26132947160992e-10,3.53685447483198e-06,-15.4560442241803,-40.356565293849,9.02130875846893e-07,-65.0994789303314,-4.02768575979657e-06
1,0.296827650613282,-0.0833010982870494,1.18057897723016,0.707036094240828,-5.61586184880228e-08,0.707177461066609,-2.35667558845815e-07,-20.3302195325525,37.9159756671008,-39.0551229725851,20.8209530397896,77.8070841593277,-4.59625190414375,1,0.40275412465525,-0.054176231239195,1.32859999999809,0.712404000959511,-0.701769558469279,3.77543397598502e-12,-3.36402448288615e-14,4.57914809399709,46.5715981487182,37.137756808784,-2.49182621832869e-06,-80.5661617220244,85.7325515349385
1,0.296827650634696,-0.0673011722445912,1.18057897612596,0.707036090652877,-4.76762960968944e-08,0.707177464653859,-1.85447964920381e-07,-16.6648416039576,37.5405842567155,-40.1949591082144,17.0310537086901,78.2696054322389,-3.5670919903225,1,0.407728107750534,-0.0590047104207159,1.32369823311568,0.712343828517479,-0.701830637508734,5.29060679144086e-13,-7.56412362176716e-15,5.21575408738727,45.4890484539539,34.3767628516785,-2.49894999074264e-06,-78.8877174566672,85.0861205596379
0,0.296827650634696,-0.0673011722445912,1.18057897612596,0.707036090652877,-4.76762960968944e-08,0.707177464653859,-1.85447964920381e-07,-16.6648416039576,37.5405842567155,-40.1949591082144,17.0310537086901,78.2696054322389,-3.5670919903225,1,0.407825826437438,-0.0590995912839311,1.31869966434438,0.712335369621035,-0.701839223012718,7.31409466564673e-14,-2.03507933911756e-15,5.22838426082525,45.671138160394,33.6791605178734,-2.51451111698619e-06,-78.0080254163237,85.0721093002357
0,0.296827650634696,-0.0673011722445912,1.18057897612596,0.707036090652877,-4.76762960968944e-08,0.707177464653859,-1.85447964920381e-07,-16.6648416039576,37.5405842567155,-40.1949591082144,17.0310537086901,78.2696054322389,-3.5670919903225,1,0.408227540844968,-0.0861597612585213,1.31729332737957,0.70703438356679,-0.696616356771993,-0.0867413125058757,-0.085463152346699,10.5391963420205,47.4403127559058,35.9049708400668,13.926279935081,-81.2604710847206,77.297638935523
1,0.29682752181834,-0.0835007586999553,1.18058014593251,0.707036094293061,-5.6254816469145e-08,0.707177461014387,-2.36283846569416e-07,-20.3749575239339,37.9208781315862,-39.0395944234935,20.8673937081924,77.8007437919192,-4.6097675877648,1,0.408227549710029,-0.0861597534205981,1.3321935198774,0.707034389037545,-0.69661635702946,-0.0867412840923658,-0.0854631338271021,10.5391950120521,46.8985745908449,37.9686191458703,13.8442268152196,-83.789748981605,77.9281848636071
1,0.200067567822007,-1.16930769798395e-11,1.32469997349211,0.999999999999999,-2.67944733606881e-08,-2.44953707558153e-12,2.67899298791509e-08,3.53685447483198e-06,-15.4560442241803,-40.356565293849,9.02130875846893e-07,-65.0994789303314,-4.02768575979657e-06,1,0.678141655292757,-0.0134204885853445,1.32469997349211,-0.00479962852218208,0.99998847506219,2.67896328801705e-08,-1.26132947160992e-10,3.53685447483198e-06,-15.4560442241803,-40.356565293849,9.02130875846893e-07,-65.0994789303314,-4.02768575979657e-06